{
  "fractions": [
    0.01,
    0.05,
    0.1,
    0.25,
    1.0
  ],
  "dice_scores": [
    0.5638996912882879,
    0.569389439546145,
    0.5681509283872751,
    0.5548826777018033,
    0.71028399008971
  ]
}