{
  "fractions": [
    0.01,
    0.05,
    0.1,
    0.25,
    1.0
  ],
  "dice_scores": [
    0.5651815029291006,
    0.5682047467965347,
    0.5681343858058636,
    0.5681440004935632,
    0.7063875152514532
  ]
}